n-ALA,Free_eng,error
1,-7.752616869999999,0.15202059132417425
2,-10.488077614949988,0.21310351517580028
3,-12.64149912199998,0.24292818666537933
4,-14.020259740250005,0.2918975624975752
5,-15.767084661999988,0.323114220434755
6,-18.00728413450001,0.35664567040932194
7,-19.99629693049996,0.3762656004716747
8,-21.91556027200001,0.3837442412649512
9,-24.103944727000023,0.42067618899767123
10,-19.835006974999985,0.43403020075803905
