n-ALA,Free_eng,error
1,-6.350759990249997,0.15367875370168257
2,-10.1987553544,0.20716248255993974
3,-12.709414988999999,0.2613873720215573
4,-16.198747486249992,0.2916629965456601
5,-16.52478031174998,0.333976851166689
6,-20.223287496749997,0.3615542538524604
7,-21.96932159325,0.39110662847220257
8,-23.102621995999996,0.42247001192849165
9,-24.66302255075003,0.43323261988956274
10,-26.584062238000005,0.4608420741377873
